direction,gas,scenario,selection_rule,model,config,ols_variant,period,R2_local_test,R2_transferred,delta_R2,RMSE_transferred,MAE_transferred,nRMSE_transferred,CEN_transferred,n_obs,n_pred_valid,src_ols_coefs,dest_ols_r2_fit,model_path,notes
N3_to_N5,PM2.5,source-selected,locked_min_val_RMSE,XGBoost,B,source,full,0.7399287183288143,0.429469523173143,-0.31045919515567133,4.133574252136834,3.1492954362335275,44.620821555011844,Marginal,18815.0,18815.0,"{""features"": [""pm2_5_low_sps30_ug_m3"", ""temperature_low_sht45_celsius"", ""humidity_low_sht45_percentage""], ""coef"": [0.7009562917099372, -0.037023060841876745, -0.019921520090200425], ""intercept"": 4.678628376045022}",,pm2.5_b_xgboost.joblib,
N3_to_N5,PM2.5,source-selected,locked_min_val_RMSE,XGBoost,B,source,test,0.7399287183288143,0.5593179358646662,-0.1806107824641482,3.9532798768347903,2.8421231525165265,42.59786538610521,Marginal,3701.0,3701.0,"{""features"": [""pm2_5_low_sps30_ug_m3"", ""temperature_low_sht45_celsius"", ""humidity_low_sht45_percentage""], ""coef"": [0.7009562917099372, -0.037023060841876745, -0.019921520090200425], ""intercept"": 4.678628376045022}",,pm2.5_b_xgboost.joblib,
N3_to_N5,PM2.5,adapted,locked_min_val_RMSE,XGBoost,B,destination_train,full,0.7399287183288143,0.6030323600093666,-0.1368963583194478,3.4479731218669047,2.4547364588782346,37.21994187421876,Marginal,18815.0,18815.0,,0.6466383884376876,pm2.5_b_xgboost.joblib,
N3_to_N5,PM2.5,adapted,locked_min_val_RMSE,XGBoost,B,destination_train,test,0.7399287183288143,0.6079077994815522,-0.1320209188472622,3.7289707434369173,2.5989535258480485,40.18086214650488,Marginal,3701.0,3701.0,,0.6466383884376876,pm2.5_b_xgboost.joblib,
N3_to_N5,PM2.5,adapted,locked_min_val_RMSE,XGBoost,B,destination_full,full,0.7399287183288143,0.6035517479552581,-0.13637697037355623,3.4457167391576204,2.4428956434190066,37.19558483014758,Marginal,18815.0,18815.0,,,pm2.5_b_xgboost.joblib,
N3_to_N5,PM2.5,adapted,locked_min_val_RMSE,XGBoost,B,destination_full,test,0.7399287183288143,0.6135898767314872,-0.1263388415973271,3.701852600491676,2.5687349728718543,39.88865541217484,Marginal,3701.0,3701.0,,,pm2.5_b_xgboost.joblib,
N3_to_N5,PM2.5,source-selected,v5_parsimony,RF,A,none,full,0.7623878678485154,0.418887487339735,-0.3435003805087804,4.171732304402436,3.1880133864968827,45.03272745948424,Marginal,18815.0,18815.0,,,pm2.5_a_rf.joblib,
N3_to_N5,PM2.5,source-selected,v5_parsimony,RF,A,none,test,0.7623878678485154,0.5407868454851148,-0.22160102236340062,4.035543513101569,2.8663038351894454,43.48428259233385,Marginal,3701.0,3701.0,,,pm2.5_a_rf.joblib,
N3_to_N5,PM2.5,source-selected,max_test_R2,DNN,C,source,full,0.7687409381893722,0.4578398903979791,-0.31090104779139305,4.029278196750997,3.0631864025849125,43.494855824884276,Marginal,18817.0,18817.0,"{""features"": [""pm2_5_low_sps30_ug_m3"", ""temperature_low_sht45_celsius"", ""humidity_low_sht45_percentage""], ""coef"": [0.7009562917099372, -0.037023060841876745, -0.019921520090200425], ""intercept"": 4.678628376045022}",,pm2.5_c_dnn.pt,
N3_to_N5,PM2.5,source-selected,max_test_R2,DNN,C,source,test,0.7687409381893722,0.5755025824427562,-0.19323835574661596,3.8789668999491775,2.723537689120648,41.79658508558403,Marginal,3703.0,3703.0,"{""features"": [""pm2_5_low_sps30_ug_m3"", ""temperature_low_sht45_celsius"", ""humidity_low_sht45_percentage""], ""coef"": [0.7009562917099372, -0.037023060841876745, -0.019921520090200425], ""intercept"": 4.678628376045022}",,pm2.5_c_dnn.pt,
N3_to_N5,PM2.5,adapted,max_test_R2,DNN,C,destination_train,full,0.7687409381893722,0.6187902232732336,-0.14995071491613854,3.3786677678128205,2.4491141161477965,36.47171038219671,Marginal,18817.0,18817.0,,0.6466383884376876,pm2.5_c_dnn.pt,
N3_to_N5,PM2.5,adapted,max_test_R2,DNN,C,destination_train,test,0.7687409381893722,0.5983833507033567,-0.17035758748601548,3.7729791189331605,2.61720079870891,40.65454716117527,Marginal,3703.0,3703.0,,0.6466383884376876,pm2.5_c_dnn.pt,
N3_to_N5,PM2.5,adapted,max_test_R2,DNN,C,destination_full,full,0.7687409381893722,0.6236287374608931,-0.14511220072847908,3.357157383946373,2.436781123726364,36.239512206909765,Marginal,18817.0,18817.0,,,pm2.5_c_dnn.pt,
N3_to_N5,PM2.5,adapted,max_test_R2,DNN,C,destination_full,test,0.7687409381893722,0.6570444880584396,-0.11169645013093255,3.486562389600265,2.3684584928981813,37.56835397977589,Marginal,3703.0,3703.0,,,pm2.5_c_dnn.pt,
N3_to_N5,CO,source-selected,locked_min_val_RMSE,XGBoost,B,source,full,0.7918024765236453,-0.6196528053968189,-1.4114552819204642,101.20322516851276,86.2616171620343,47.557744963099466,Inaceptable,20485.0,20485.0,"{""features"": [""ratio_CO"", ""temperature_low_sht45_celsius"", ""humidity_low_sht45_percentage""], ""coef"": [-412.9036729063256, 4.509169971156889, -0.0026244942731761256], ""intercept"": 415.89086382592893}",,co_b_xgboost.joblib,
N3_to_N5,CO,source-selected,locked_min_val_RMSE,XGBoost,B,source,test,0.7918024765236453,0.019784957603099285,-0.772017518920546,73.34844045106162,61.01784148378899,40.125662474643654,Inaceptable,7094.0,7094.0,"{""features"": [""ratio_CO"", ""temperature_low_sht45_celsius"", ""humidity_low_sht45_percentage""], ""coef"": [-412.9036729063256, 4.509169971156889, -0.0026244942731761256], ""intercept"": 415.89086382592893}",,co_b_xgboost.joblib,
N3_to_N5,CO,adapted,locked_min_val_RMSE,XGBoost,B,destination_train,full,0.7918024765236453,0.33862434711386213,-0.4531781294097832,64.67068942047514,47.458511476360115,30.390258303780588,Inaceptable,20485.0,20485.0,,0.1735602032776924,co_b_xgboost.joblib,
N3_to_N5,CO,adapted,locked_min_val_RMSE,XGBoost,B,destination_train,test,0.7918024765236453,0.2137831125945845,-0.5780193639290608,65.69032140088339,45.0458160644557,35.93624688095951,Inaceptable,7094.0,7094.0,,0.1735602032776924,co_b_xgboost.joblib,
N3_to_N5,CO,adapted,locked_min_val_RMSE,XGBoost,B,destination_full,full,0.7918024765236453,0.40899712974439795,-0.3828053467792474,61.1333484727816,44.5618737955644,28.727979672266397,Marginal,20485.0,20485.0,,,co_b_xgboost.joblib,
N3_to_N5,CO,adapted,locked_min_val_RMSE,XGBoost,B,destination_full,test,0.7918024765236453,0.3533922240791101,-0.43841025244453524,59.57316368064373,40.28174642836967,32.58982254695795,Inaceptable,7094.0,7094.0,,,co_b_xgboost.joblib,
N3_to_N5,CO,source-selected,v5_parsimony,DNN,B,source,full,0.8154375065991974,-0.7479630891455242,-1.5634005957447217,105.13553231565925,89.90195699642064,49.405627380968795,Inaceptable,20485.0,20485.0,"{""features"": [""ratio_CO"", ""temperature_low_sht45_celsius"", ""humidity_low_sht45_percentage""], ""coef"": [-412.9036729063256, 4.509169971156889, -0.0026244942731761256], ""intercept"": 415.89086382592893}",,co_b_dnn.pt,
N3_to_N5,CO,source-selected,v5_parsimony,DNN,B,source,test,0.8154375065991974,-0.019836121695139042,-0.8352736282943365,74.81615723696545,63.45855159832681,40.92858490895007,Inaceptable,7094.0,7094.0,"{""features"": [""ratio_CO"", ""temperature_low_sht45_celsius"", ""humidity_low_sht45_percentage""], ""coef"": [-412.9036729063256, 4.509169971156889, -0.0026244942731761256], ""intercept"": 415.89086382592893}",,co_b_dnn.pt,
N3_to_N5,CO,adapted,v5_parsimony,DNN,B,destination_train,full,0.8154375065991974,0.37040066143625905,-0.4450368451629384,63.09798938337364,47.281224728539016,29.65121004574937,Inaceptable,20485.0,20485.0,,0.1735602032776924,co_b_dnn.pt,
N3_to_N5,CO,adapted,v5_parsimony,DNN,B,destination_train,test,0.8154375065991974,0.24152074048165095,-0.5739167661175465,64.52114377075254,47.46179059519457,35.2966419122508,Inaceptable,7094.0,7094.0,,0.1735602032776924,co_b_dnn.pt,
N3_to_N5,CO,adapted,v5_parsimony,DNN,B,destination_full,full,0.8154375065991974,0.43454850263830325,-0.3808890039608942,59.79723025036669,44.910714172295535,28.10010670125827,Marginal,20485.0,20485.0,,,co_b_dnn.pt,
N3_to_N5,CO,adapted,v5_parsimony,DNN,B,destination_full,test,0.8154375065991974,0.38649002753625183,-0.4289474790629456,58.028456111367554,42.817930042803034,31.744781886711625,Inaceptable,7094.0,7094.0,,,co_b_dnn.pt,
N3_to_N5,CO,source-selected,max_test_R2,LSTM,B,source,full,0.8344571331831266,-0.2999616734773429,-1.1344188066604697,85.30815938356221,70.57905490487462,41.3119723172208,Inaceptable,20485.0,13005.0,"{""features"": [""ratio_CO"", ""temperature_low_sht45_celsius"", ""humidity_low_sht45_percentage""], ""coef"": [-412.9036729063256, 4.509169971156889, -0.0026244942731761256], ""intercept"": 415.89086382592893}",,co_b_lstm_v6.pt,
N3_to_N5,CO,source-selected,max_test_R2,LSTM,B,source,test,0.8344571331831266,-0.031388878252124774,-0.8658460114352514,76.80064082018782,59.84490378483443,41.80378128375578,Inaceptable,7094.0,5006.0,"{""features"": [""ratio_CO"", ""temperature_low_sht45_celsius"", ""humidity_low_sht45_percentage""], ""coef"": [-412.9036729063256, 4.509169971156889, -0.0026244942731761256], ""intercept"": 415.89086382592893}",,co_b_lstm_v6.pt,
N3_to_N5,CO,adapted,max_test_R2,LSTM,B,destination_train,full,0.8344571331831266,0.33352482819860785,-0.5009323049845188,61.0825677248549,43.895636442973824,29.580304687715543,Inaceptable,20485.0,13005.0,,0.1735602032776924,co_b_lstm_v6.pt,
N3_to_N5,CO,adapted,max_test_R2,LSTM,B,destination_train,test,0.8344571331831266,0.12995139859132632,-0.7045057345918003,70.53836328014509,48.2816693799738,38.39512638418222,Inaceptable,7094.0,5006.0,,0.1735602032776924,co_b_lstm_v6.pt,
N3_to_N5,CO,adapted,max_test_R2,LSTM,B,destination_full,full,0.8344571331831266,0.3979893035969453,-0.43646782958618136,58.05336543103697,42.116584470608025,28.113360350740656,Inaceptable,20485.0,13005.0,,,co_b_lstm_v6.pt,
N3_to_N5,CO,adapted,max_test_R2,LSTM,B,destination_full,test,0.8344571331831266,0.277436102646308,-0.5570210305368186,64.28235087323577,44.41599572238429,34.98988169385204,Inaceptable,7094.0,5006.0,,,co_b_lstm_v6.pt,
N3_to_N5,NO2,source-selected,locked_min_val_RMSE,LightGBM,C,source,full,0.2275205406343213,0.291665707816675,0.06414516718235369,10.380879637288512,7.500850893829152,61.32973054822841,Inaceptable,22922.0,22922.0,"{""features"": [""ratio_NO2"", ""temperature_low_sht45_celsius"", ""humidity_low_sht45_percentage""], ""coef"": [0.7931013979883463, -0.21027334640231973, -0.1903498341549783], ""intercept"": 27.48993376610587}",,no2_c_lightgbm.joblib,
N3_to_N5,NO2,source-selected,locked_min_val_RMSE,LightGBM,C,source,test,0.2275205406343213,0.03987068972703356,-0.18764985090728775,14.009604027436305,10.265725884174103,64.68615391989937,Inaceptable,7971.0,7971.0,"{""features"": [""ratio_NO2"", ""temperature_low_sht45_celsius"", ""humidity_low_sht45_percentage""], ""coef"": [0.7931013979883463, -0.21027334640231973, -0.1903498341549783], ""intercept"": 27.48993376610587}",,no2_c_lightgbm.joblib,
N3_to_N5,NO2,adapted,locked_min_val_RMSE,LightGBM,C,destination_train,full,0.2275205406343213,0.2767124536068596,0.049191912972538276,10.489879890276683,7.426139811802578,61.973698726169765,Inaceptable,22922.0,22922.0,,0.37527370725266007,no2_c_lightgbm.joblib,
N3_to_N5,NO2,adapted,locked_min_val_RMSE,LightGBM,C,destination_train,test,0.2275205406343213,0.017222065485722582,-0.21029847514859873,14.173878154719153,10.452043668023533,65.44465226586725,Inaceptable,7971.0,7971.0,,0.37527370725266007,no2_c_lightgbm.joblib,
N3_to_N5,NO2,adapted,locked_min_val_RMSE,LightGBM,C,destination_full,full,0.2275205406343213,0.4001539919016416,0.17263345126732027,9.552892889583488,6.995255531641846,56.438025229553034,Inaceptable,22922.0,22922.0,,,no2_c_lightgbm.joblib,
N3_to_N5,NO2,adapted,locked_min_val_RMSE,LightGBM,C,destination_full,test,0.2275205406343213,0.27733681757922224,0.04981627694490093,12.154272278504548,8.981974238826266,56.11958238448405,Inaceptable,7971.0,7971.0,,,no2_c_lightgbm.joblib,
N3_to_N5,NO2,source-selected,v5_parsimony,RF,B,source,full,0.5772140857557773,0.43716086468172555,-0.14005322107405171,9.398258586838274,6.452061598840463,54.629664433783475,Inaceptable,20832.0,20832.0,"{""features"": [""ratio_NO2"", ""temperature_low_sht45_celsius"", ""humidity_low_sht45_percentage""], ""coef"": [0.7931013979883463, -0.21027334640231973, -0.1903498341549783], ""intercept"": 27.48993376610587}",,no2_b_rf.joblib,
N3_to_N5,NO2,source-selected,v5_parsimony,RF,B,source,test,0.5772140857557773,0.20808435896074284,-0.3691297267950344,12.90385032441109,9.358802432220957,58.61559842744256,Inaceptable,7255.0,7255.0,"{""features"": [""ratio_NO2"", ""temperature_low_sht45_celsius"", ""humidity_low_sht45_percentage""], ""coef"": [0.7931013979883463, -0.21027334640231973, -0.1903498341549783], ""intercept"": 27.48993376610587}",,no2_b_rf.joblib,
N3_to_N5,NO2,adapted,v5_parsimony,RF,B,destination_train,full,0.5772140857557773,0.42899073682494593,-0.14822334893083133,9.466225011544335,6.496581255310274,55.02473581218287,Inaceptable,20832.0,20832.0,,0.37527370725266007,no2_b_rf.joblib,
N3_to_N5,NO2,adapted,v5_parsimony,RF,B,destination_train,test,0.5772140857557773,0.20382089611297494,-0.3733931896428023,12.938539144543688,9.412422994105619,58.77317201204681,Inaceptable,7255.0,7255.0,,0.37527370725266007,no2_b_rf.joblib,
N3_to_N5,NO2,adapted,v5_parsimony,RF,B,destination_full,full,0.5772140857557773,0.48777793120286894,-0.08943615455290832,8.96570385258967,6.187723227414372,52.11533480953388,Inaceptable,20832.0,20832.0,,,no2_b_rf.joblib,
N3_to_N5,NO2,adapted,v5_parsimony,RF,B,destination_full,test,0.5772140857557773,0.3231370021135319,-0.25407708364224535,11.92971979508247,8.528536634588303,54.19062119293295,Inaceptable,7255.0,7255.0,,,no2_b_rf.joblib,
N3_to_N5,NO2,source-selected,max_test_R2,DNN,A,none,full,0.5790589144631342,0.30699143869753176,-0.2720674757656024,10.42854446331826,7.136433785423085,60.797461680118204,Inaceptable,20923.0,20923.0,,,no2_a_dnn.pt,
N3_to_N5,NO2,source-selected,max_test_R2,DNN,A,none,test,0.5790589144631342,0.002278262640211026,-0.5767806518229232,14.483868516518354,10.61450168157429,65.79281371809186,Inaceptable,7255.0,7255.0,,,no2_a_dnn.pt,
N3_to_N5,O3,source-selected,locked_min_val_RMSE,RF,B,source,full,-0.0028917042280973,0.7320346832334717,0.7349263874615689,22.46131487867912,17.812129229324643,37.7142933553162,Marginal,20485.0,20485.0,"{""features"": [""ratio_O3"", ""temperature_low_sht45_celsius"", ""humidity_low_sht45_percentage""], ""coef"": [0.9786955078564779, 2.3410509688177212, -1.1382017678238339], ""intercept"": 67.1735612944188}",,o3_b_rf.joblib,
N3_to_N5,O3,source-selected,locked_min_val_RMSE,RF,B,source,test,-0.0028917042280973,-0.5582384240908635,-0.5553467198627663,21.94266707082538,19.083307626284874,69.0878887004016,Inaceptable,7094.0,7094.0,"{""features"": [""ratio_O3"", ""temperature_low_sht45_celsius"", ""humidity_low_sht45_percentage""], ""coef"": [0.9786955078564779, 2.3410509688177212, -1.1382017678238339], ""intercept"": 67.1735612944188}",,o3_b_rf.joblib,
N3_to_N5,O3,adapted,locked_min_val_RMSE,RF,B,destination_train,full,-0.0028917042280973,0.5790706569110202,0.5819623611391175,28.151431515257567,20.86238852378468,47.26844141908729,Marginal,20485.0,20485.0,,0.4794481812043838,o3_b_rf.joblib,
N3_to_N5,O3,adapted,locked_min_val_RMSE,RF,B,destination_train,test,-0.0028917042280973,-0.5722178844141312,-0.569326180186034,22.040874677252738,19.169872615927886,69.39710162153311,Inaceptable,7094.0,7094.0,,0.4794481812043838,o3_b_rf.joblib,
N3_to_N5,O3,adapted,locked_min_val_RMSE,RF,B,destination_full,full,-0.0028917042280973,0.7089778047696254,0.7118695089977226,23.407710589286346,18.34838399944698,39.30336530648387,Marginal,20485.0,20485.0,,,o3_b_rf.joblib,
N3_to_N5,O3,adapted,locked_min_val_RMSE,RF,B,destination_full,test,-0.0028917042280973,-0.6002050067730382,-0.597313302544941,22.236184639230014,19.43065615898907,70.01204751081868,Inaceptable,7094.0,7094.0,,,o3_b_rf.joblib,
N3_to_N5,O3,source-selected,v5_parsimony,LSTM,A,none,full,0.138652277780251,0.7101161610410015,0.5714638832607505,22.052820315363437,15.998682119339467,39.59497188013017,Marginal,20485.0,13005.0,,,o3_a_lstm_v6.pt,
N3_to_N5,O3,source-selected,v5_parsimony,LSTM,A,none,test,0.138652277780251,-0.007575501702334453,-0.14622777948258545,17.855985321248035,13.302949863380622,58.36037135471502,Inaceptable,7094.0,5006.0,,,o3_a_lstm_v6.pt,
N3_to_N5,O3,source-selected,max_test_R2,LSTM,A,none,full,0.138652277780251,0.7101161610410015,0.5714638832607505,22.052820315363437,15.998682119339467,39.59497188013017,Marginal,20485.0,13005.0,,,o3_a_lstm_v6.pt,
N3_to_N5,O3,source-selected,max_test_R2,LSTM,A,none,test,0.138652277780251,-0.007575501702334453,-0.14622777948258545,17.855985321248035,13.302949863380622,58.36037135471502,Inaceptable,7094.0,5006.0,,,o3_a_lstm_v6.pt,
N5_to_N3,PM2.5,source-selected,locked_min_val_RMSE,RF,C,source,full,0.5797840303689652,0.5471390963457379,-0.03264493402322732,4.236278858335456,3.223077625873538,54.559282607603855,Inaceptable,23087.0,23087.0,"{""features"": [""pm2_5_low_sps30_ug_m3"", ""temperature_low_sht45_celsius"", ""humidity_low_sht45_percentage""], ""coef"": [0.7221480124403008, 0.008756114529282912, -0.04545620882207353], ""intercept"": 7.37467905481501}",,pm2.5_c_rf.joblib,
N5_to_N3,PM2.5,source-selected,locked_min_val_RMSE,RF,C,source,test,0.5797840303689652,0.65980827186618,0.08002424149721477,4.498734446004752,3.275134038513291,45.55830630666425,Marginal,6144.0,6144.0,"{""features"": [""pm2_5_low_sps30_ug_m3"", ""temperature_low_sht45_celsius"", ""humidity_low_sht45_percentage""], ""coef"": [0.7221480124403008, 0.008756114529282912, -0.04545620882207353], ""intercept"": 7.37467905481501}",,pm2.5_c_rf.joblib,
N5_to_N3,PM2.5,adapted,locked_min_val_RMSE,RF,C,destination_train,full,0.5797840303689652,0.6175117889255457,0.037727758556580504,3.8932397864768133,2.776595887276808,50.141262384464014,Inaceptable,23087.0,23087.0,,0.6179159120661593,pm2.5_c_rf.joblib,
N5_to_N3,PM2.5,adapted,locked_min_val_RMSE,RF,C,destination_train,test,0.5797840303689652,0.6633351783706034,0.08355114800163821,4.475353580231312,3.145523794885447,45.32153024054917,Marginal,6144.0,6144.0,,0.6179159120661593,pm2.5_c_rf.joblib,
N5_to_N3,PM2.5,adapted,locked_min_val_RMSE,RF,C,destination_full,full,0.5797840303689652,0.6174545015586002,0.03767047118963496,3.89353133154825,2.776581518490593,50.145017210450995,Inaceptable,23087.0,23087.0,,,pm2.5_c_rf.joblib,
N5_to_N3,PM2.5,adapted,locked_min_val_RMSE,RF,C,destination_full,test,0.5797840303689652,0.6628239590527167,0.08303992868375154,4.478750162214087,3.1446018002742107,45.355927141327435,Marginal,6144.0,6144.0,,,pm2.5_c_rf.joblib,
N5_to_N3,PM2.5,source-selected,v5_parsimony,RF,B,source,full,0.5850616521779539,0.5553134184788444,-0.029748233699109505,4.197871480114678,3.21166164507837,54.064631742389594,Inaceptable,23087.0,23087.0,"{""features"": [""pm2_5_low_sps30_ug_m3"", ""temperature_low_sht45_celsius"", ""humidity_low_sht45_percentage""], ""coef"": [0.7221480124403008, 0.008756114529282912, -0.04545620882207353], ""intercept"": 7.37467905481501}",,pm2.5_b_rf.joblib,
N5_to_N3,PM2.5,source-selected,v5_parsimony,RF,B,source,test,0.5850616521779539,0.6738105197580302,0.08874886758007627,4.405177971169751,3.220816588915914,44.610867735069974,Marginal,6144.0,6144.0,"{""features"": [""pm2_5_low_sps30_ug_m3"", ""temperature_low_sht45_celsius"", ""humidity_low_sht45_percentage""], ""coef"": [0.7221480124403008, 0.008756114529282912, -0.04545620882207353], ""intercept"": 7.37467905481501}",,pm2.5_b_rf.joblib,
N5_to_N3,PM2.5,adapted,v5_parsimony,RF,B,destination_train,full,0.5850616521779539,0.6115133003945435,0.02645164821658963,3.92364948569526,2.8995076420084325,50.532910675134715,Inaceptable,23087.0,23087.0,,0.6179159120661593,pm2.5_b_rf.joblib,
N5_to_N3,PM2.5,adapted,v5_parsimony,RF,B,destination_train,test,0.5850616521779539,0.6857722934797605,0.10071064130180662,4.323651898698506,3.090755901027664,43.78526003890493,Marginal,6144.0,6144.0,,0.6179159120661593,pm2.5_b_rf.joblib,
N5_to_N3,PM2.5,adapted,v5_parsimony,RF,B,destination_full,full,0.5850616521779539,0.6114599781420251,0.026398325964071212,3.9239187492894296,2.899984848385232,50.53637853667582,Inaceptable,23087.0,23087.0,,,pm2.5_b_rf.joblib,
N5_to_N3,PM2.5,adapted,v5_parsimony,RF,B,destination_full,test,0.5850616521779539,0.685611664054691,0.10055001187673707,4.324756856936139,3.0902303554438597,43.796449858275324,Marginal,6144.0,6144.0,,,pm2.5_b_rf.joblib,
N5_to_N3,PM2.5,source-selected,max_test_R2,XGBoost,B,source,full,0.6186022494950483,0.5767376259014452,-0.0418646235936031,4.095500258981688,3.134039021820939,52.74618681195483,Inaceptable,23087.0,23087.0,"{""features"": [""pm2_5_low_sps30_ug_m3"", ""temperature_low_sht45_celsius"", ""humidity_low_sht45_percentage""], ""coef"": [0.7221480124403008, 0.008756114529282912, -0.04545620882207353], ""intercept"": 7.37467905481501}",,pm2.5_b_xgboost.joblib,
N5_to_N3,PM2.5,source-selected,max_test_R2,XGBoost,B,source,test,0.6186022494950483,0.7122053192274955,0.09360306973244725,4.137803520657943,3.034225013339892,41.903189106514596,Marginal,6144.0,6144.0,"{""features"": [""pm2_5_low_sps30_ug_m3"", ""temperature_low_sht45_celsius"", ""humidity_low_sht45_percentage""], ""coef"": [0.7221480124403008, 0.008756114529282912, -0.04545620882207353], ""intercept"": 7.37467905481501}",,pm2.5_b_xgboost.joblib,
N5_to_N3,PM2.5,adapted,max_test_R2,XGBoost,B,destination_train,full,0.6186022494950483,0.6355004849585802,0.016898235463531974,3.800586342349332,2.806172415626391,48.9479732711252,Marginal,23087.0,23087.0,,0.6179159120661593,pm2.5_b_xgboost.joblib,
N5_to_N3,PM2.5,adapted,max_test_R2,XGBoost,B,destination_train,test,0.6186022494950483,0.7177211201941724,0.09911887069912417,4.097959633185359,2.947924360361261,41.499693400842006,Marginal,6144.0,6144.0,,0.6179159120661593,pm2.5_b_xgboost.joblib,
N5_to_N3,PM2.5,adapted,max_test_R2,XGBoost,B,destination_full,full,0.6186022494950483,0.6354905579546559,0.016888308459607648,3.800638095749682,2.8058890563585472,48.94863980618817,Marginal,23087.0,23087.0,,,pm2.5_b_xgboost.joblib,
N5_to_N3,PM2.5,adapted,max_test_R2,XGBoost,B,destination_full,test,0.6186022494950483,0.7178190786755104,0.09921682918046215,4.097248519524718,2.9448856496795393,41.49249201246064,Marginal,6144.0,6144.0,,,pm2.5_b_xgboost.joblib,
N5_to_N3,CO,source-selected,locked_min_val_RMSE,RF,A,none,full,0.576615607843973,-0.611384307536911,-1.187999915380884,108.14425577986187,94.88077432680595,74.39253269138483,Inaceptable,23773.0,23773.0,,,co_a_rf.joblib,
N5_to_N3,CO,source-selected,locked_min_val_RMSE,RF,A,none,test,0.576615607843973,0.2778036733955621,-0.2988119344484109,78.43097868756085,64.31508770619074,57.03536923691198,Inaceptable,6271.0,6271.0,,,co_a_rf.joblib,
N5_to_N3,CO,source-selected,v5_parsimony,RF,A,none,full,0.576615607843973,-0.611384307536911,-1.187999915380884,108.14425577986187,94.88077432680595,74.39253269138483,Inaceptable,23773.0,23773.0,,,co_a_rf.joblib,
N5_to_N3,CO,source-selected,v5_parsimony,RF,A,none,test,0.576615607843973,0.2778036733955621,-0.2988119344484109,78.43097868756085,64.31508770619074,57.03536923691198,Inaceptable,6271.0,6271.0,,,co_a_rf.joblib,
N5_to_N3,CO,source-selected,max_test_R2,RF,A,none,full,0.576615607843973,-0.611384307536911,-1.187999915380884,108.14425577986187,94.88077432680595,74.39253269138483,Inaceptable,23773.0,23773.0,,,co_a_rf.joblib,
N5_to_N3,CO,source-selected,max_test_R2,RF,A,none,test,0.576615607843973,0.2778036733955621,-0.2988119344484109,78.43097868756085,64.31508770619074,57.03536923691198,Inaceptable,6271.0,6271.0,,,co_a_rf.joblib,
N5_to_N3,NO2,source-selected,locked_min_val_RMSE,XGBoost,B,source,full,0.3728387707331809,0.028091333854283307,-0.3447474368788976,9.83073352969415,7.727122261117568,56.9373563946465,Inaceptable,23365.0,23365.0,"{""features"": [""ratio_NO2"", ""temperature_low_sht45_celsius"", ""humidity_low_sht45_percentage""], ""coef"": [0.8887664767445379, -0.20340014923069516, -0.1076335068632786], ""intercept"": 20.730416947576725}",,no2_b_xgboost.joblib,
N5_to_N3,NO2,source-selected,locked_min_val_RMSE,XGBoost,B,source,test,0.3728387707331809,0.18417736946564833,-0.18866140126753256,9.540394149318635,7.093130061669751,49.459880431949436,Inaceptable,5174.0,5174.0,"{""features"": [""ratio_NO2"", ""temperature_low_sht45_celsius"", ""humidity_low_sht45_percentage""], ""coef"": [0.8887664767445379, -0.20340014923069516, -0.1076335068632786], ""intercept"": 20.730416947576725}",,no2_b_xgboost.joblib,
N5_to_N3,NO2,adapted,locked_min_val_RMSE,XGBoost,B,destination_train,full,0.3728387707331809,-0.020046709007732755,-0.39288547974091365,10.07124651938884,7.980166732282779,58.33035252971869,Inaceptable,23365.0,23365.0,,0.382575411299523,no2_b_xgboost.joblib,
N5_to_N3,NO2,adapted,locked_min_val_RMSE,XGBoost,B,destination_train,test,0.3728387707331809,0.2168463775361984,-0.1559923931969825,9.347423591894852,6.949397942971021,48.45947095748883,Inaceptable,5174.0,5174.0,,0.382575411299523,no2_b_xgboost.joblib,
N5_to_N3,NO2,adapted,locked_min_val_RMSE,XGBoost,B,destination_full,full,0.3728387707331809,-0.0034063053162016743,-0.37624507604938257,9.988760723999654,7.874222853432216,57.85261370022199,Inaceptable,23365.0,23365.0,,,no2_b_xgboost.joblib,
N5_to_N3,NO2,adapted,locked_min_val_RMSE,XGBoost,B,destination_full,test,0.3728387707331809,0.3195055731078186,-0.053333197625362316,8.71326112876265,6.268507056518277,45.17180808842494,Inaceptable,5174.0,5174.0,,,no2_b_xgboost.joblib,
N5_to_N3,O3,source-selected,locked_min_val_RMSE,LSTM,A,none,full,-2.103124754057324,0.3381856609099635,2.4413104149672873,24.419293759710875,20.419702758150613,71.49045644140473,Inaceptable,23774.0,13888.0,,,o3_a_lstm_v6.pt,
N5_to_N3,O3,source-selected,locked_min_val_RMSE,LSTM,A,none,test,-2.103124754057324,-0.6958026704994777,1.4073220835578462,24.82772865120216,21.110977440047417,178.85949946281977,Inaceptable,6271.0,5263.0,,,o3_a_lstm_v6.pt,
N5_to_N3,O3,source-selected,v5_parsimony,LSTM,B,source,full,-0.5085148781320417,0.5306546709424191,1.0391695490744608,20.564173681644853,15.454691867888743,60.20412290820156,Inaceptable,23774.0,13888.0,"{""features"": [""ratio_O3"", ""temperature_low_sht45_celsius"", ""humidity_low_sht45_percentage""], ""coef"": [-15.662434847469223, 2.902926906346533, -1.5340540012801125], ""intercept"": 108.0308273136765}",,o3_b_lstm_v6.pt,
N5_to_N3,O3,source-selected,v5_parsimony,LSTM,B,source,test,-0.5085148781320417,0.12076390872784826,0.6292787868598899,17.87730650881355,12.504619323949944,128.78850654568345,Inaceptable,6271.0,5263.0,"{""features"": [""ratio_O3"", ""temperature_low_sht45_celsius"", ""humidity_low_sht45_percentage""], ""coef"": [-15.662434847469223, 2.902926906346533, -1.5340540012801125], ""intercept"": 108.0308273136765}",,o3_b_lstm_v6.pt,
N5_to_N3,O3,adapted,v5_parsimony,LSTM,B,destination_train,full,-0.5085148781320417,0.5452446874384946,1.0537595655705363,20.242022524404227,15.226872814717726,59.26098616146005,Inaceptable,23774.0,13888.0,,0.43278609565288484,o3_b_lstm_v6.pt,
N5_to_N3,O3,adapted,v5_parsimony,LSTM,B,destination_train,test,-0.5085148781320417,0.1732356718268483,0.68175054995889,17.33565270287252,12.274121230478046,124.88642069748592,Inaceptable,6271.0,5263.0,,0.43278609565288484,o3_b_lstm_v6.pt,
N5_to_N3,O3,adapted,v5_parsimony,LSTM,B,destination_full,full,-0.5085148781320417,0.5463774275273022,1.0548923056593438,20.2167965997429,15.20775485052007,59.18713419481676,Inaceptable,23774.0,13888.0,,,o3_b_lstm_v6.pt,
N5_to_N3,O3,adapted,v5_parsimony,LSTM,B,destination_full,test,-0.5085148781320417,0.18115582357645654,0.6896707017084982,17.25241773166737,12.222569128129727,124.28679414699862,Inaceptable,6271.0,5263.0,,,o3_b_lstm_v6.pt,
N5_to_N3,O3,source-selected,max_test_R2,LSTM,B,source,full,-0.5085148781320417,0.5306546709424191,1.0391695490744608,20.564173681644853,15.454691867888743,60.20412290820156,Inaceptable,23774.0,13888.0,"{""features"": [""ratio_O3"", ""temperature_low_sht45_celsius"", ""humidity_low_sht45_percentage""], ""coef"": [-15.662434847469223, 2.902926906346533, -1.5340540012801125], ""intercept"": 108.0308273136765}",,o3_b_lstm_v6.pt,
N5_to_N3,O3,source-selected,max_test_R2,LSTM,B,source,test,-0.5085148781320417,0.12076390872784826,0.6292787868598899,17.87730650881355,12.504619323949944,128.78850654568345,Inaceptable,6271.0,5263.0,"{""features"": [""ratio_O3"", ""temperature_low_sht45_celsius"", ""humidity_low_sht45_percentage""], ""coef"": [-15.662434847469223, 2.902926906346533, -1.5340540012801125], ""intercept"": 108.0308273136765}",,o3_b_lstm_v6.pt,
N5_to_N3,O3,adapted,max_test_R2,LSTM,B,destination_train,full,-0.5085148781320417,0.5452446874384946,1.0537595655705363,20.242022524404227,15.226872814717726,59.26098616146005,Inaceptable,23774.0,13888.0,,0.43278609565288484,o3_b_lstm_v6.pt,
N5_to_N3,O3,adapted,max_test_R2,LSTM,B,destination_train,test,-0.5085148781320417,0.1732356718268483,0.68175054995889,17.33565270287252,12.274121230478046,124.88642069748592,Inaceptable,6271.0,5263.0,,0.43278609565288484,o3_b_lstm_v6.pt,
N5_to_N3,O3,adapted,max_test_R2,LSTM,B,destination_full,full,-0.5085148781320417,0.5463774275273022,1.0548923056593438,20.2167965997429,15.20775485052007,59.18713419481676,Inaceptable,23774.0,13888.0,,,o3_b_lstm_v6.pt,
N5_to_N3,O3,adapted,max_test_R2,LSTM,B,destination_full,test,-0.5085148781320417,0.18115582357645654,0.6896707017084982,17.25241773166737,12.222569128129727,124.28679414699862,Inaceptable,6271.0,5263.0,,,o3_b_lstm_v6.pt,
