gas,config,model,n_train,n_test,n_features,R2_train,R2_test,RMSE,MAE,MBE,nRMSE,pearson_r,CEN_level,overfit_ratio,best_params,model_path
NO2,A,RF,18181,5174,12,0.9873240808617676,0.5451589244595302,7.123579610409414,5.349992500966371,-4.018542829532275,36.93048633671867,0.8400313834686027,Marginal,1.8110757002475917,"{'n_estimators': 1000, 'min_samples_split': 2, 'min_samples_leaf': 1, 'max_features': 0.5, 'max_depth': None}",no2_a_rf.joblib
NO2,A,LightGBM,18181,5174,12,0.7515309710314989,0.1031312873061706,10.003060148132745,8.239694404200744,-7.544968387265477,51.85846110095761,0.7876230223020959,Inaceptable,7.287128772090222,"{'subsample': 1.0, 'reg_lambda': 1.0, 'reg_alpha': 0.1, 'num_leaves': 31, 'n_estimators': 200, 'min_child_samples': 5, 'max_depth': 3, 'learning_rate': 0.05, 'colsample_bytree': 0.6}",no2_a_lightgbm.joblib
NO2,A,DNN,18181,5174,12,0.6976565257781577,0.5790589144631342,6.85297427608722,5.282255175457436,-0.2422505089708586,35.52759802095875,0.785365532882658,Marginal,1.2048109585273885,"{'lr': 0.005, 'hidden_dim_2': 16, 'hidden_dim_1': 32, 'epochs': 100, 'dropout': 0.3, 'batch_size': 128}",no2_a_dnn.pt
NO2,B,RF,18100,5174,13,0.9844140342931704,0.5772140857557773,6.867974881234764,5.214895448119725,-3.677536662981275,35.60536505294844,0.8425599527894989,Marginal,1.7054574006180472,"{'n_estimators': 500, 'min_samples_split': 2, 'min_samples_leaf': 1, 'max_features': 'sqrt', 'max_depth': 20}",no2_b_rf.joblib
NO2,B,LightGBM,18100,5174,13,0.5796756549358171,0.2464768528688543,9.168889570353262,6.979846829877495,-5.75135145361373,47.53390423348584,0.7405328304175703,Inaceptable,2.351846220806185,"{'subsample': 1.0, 'reg_lambda': 1.0, 'reg_alpha': 0.0, 'num_leaves': 31, 'n_estimators': 1000, 'min_child_samples': 5, 'max_depth': 3, 'learning_rate': 0.01, 'colsample_bytree': 1.0}",no2_b_lightgbm.joblib
NO2,B,DNN,18100,5174,13,0.6879779914163422,0.498782322864141,7.477934090009209,5.759499311447144,-2.8274909623488527,38.76755196705044,0.7576845901061678,Marginal,1.379315103762678,"{'lr': 0.005, 'hidden_dim_2': 16, 'hidden_dim_1': 32, 'epochs': 100, 'dropout': 0.3, 'batch_size': 128}",no2_b_dnn.pt
NO2,C,RF,18100,5177,8,0.9366176497867216,0.5403884627633071,7.16084144179042,5.449381195369609,-3.1402193763243713,37.13476811517668,0.7929553109793764,Marginal,1.7332302858526516,"{'n_estimators': 200, 'min_samples_split': 10, 'min_samples_leaf': 1, 'max_features': 0.8, 'max_depth': 30}",no2_c_rf.joblib
NO2,C,LightGBM,18100,5177,8,0.5235155197050125,0.2275205406343213,9.28350694486779,7.090268112332241,-5.567273293796193,48.14250957735246,0.7140600015930427,Inaceptable,2.300959369406669,"{'subsample': 0.8, 'reg_lambda': 0.1, 'reg_alpha': 0.0, 'num_leaves': 15, 'n_estimators': 500, 'min_child_samples': 20, 'max_depth': 5, 'learning_rate': 0.01, 'colsample_bytree': 1.0}",no2_c_lightgbm.joblib
NO2,C,DNN,18100,5177,8,0.5943598785377512,0.347327161858079,8.533287269804804,6.825515507541845,-5.960601175197515,44.25201236478724,0.8159577540417552,Inaceptable,1.7112392689305769,"{'lr': 0.005, 'hidden_dim_2': 32, 'hidden_dim_1': 128, 'epochs': 300, 'dropout': 0.2, 'batch_size': 64}",no2_c_dnn.pt
CO,A,RF,17409,6271,12,0.9755766827093236,0.7524468357593538,45.919192016252374,31.279141565490953,-17.779009157484513,33.392648103255034,0.907123501028804,Marginal,1.29653901956381,"{'n_estimators': 500, 'min_samples_split': 5, 'min_samples_leaf': 2, 'max_features': 0.5, 'max_depth': 30}",co_a_rf.joblib
CO,A,LightGBM,17409,6271,12,0.7907148475124346,0.6742869994303275,52.67172521051968,39.67823742821701,-29.07358093477607,38.30312136859276,0.8859724018522604,Marginal,1.1726680896717143,"{'subsample': 0.8, 'reg_lambda': 1.0, 'reg_alpha': 0.0, 'num_leaves': 127, 'n_estimators': 200, 'min_child_samples': 10, 'max_depth': 3, 'learning_rate': 0.05, 'colsample_bytree': 0.6}",co_a_lightgbm.joblib
CO,A,DNN,17409,6271,12,0.6590631279974577,0.6823522315153052,52.01551480528853,36.5573415322781,-25.156316839217904,37.825922137042205,0.889240328677489,Marginal,0.9658693817617784,"{'lr': 0.0001, 'hidden_dim_2': 32, 'hidden_dim_1': 32, 'epochs': 200, 'dropout': 0.2, 'batch_size': 128}",co_a_dnn.pt
CO,B,RF,17409,6271,13,0.9783932175509964,0.776520597276416,43.62935049655503,29.42481337109581,-10.943889402929123,31.727464794881204,0.8953461024103252,Marginal,1.2599707219391636,"{'n_estimators': 1000, 'min_samples_split': 2, 'min_samples_leaf': 2, 'max_features': 0.5, 'max_depth': 20}",co_b_rf.joblib
CO,B,LightGBM,17409,6271,13,0.8127267357582242,0.7474666796352512,46.37878224007634,32.31734219485036,-8.807034354791215,33.726864232546205,0.8702234534347922,Marginal,1.0873083147396196,"{'subsample': 1.0, 'reg_lambda': 1.0, 'reg_alpha': 0.1, 'num_leaves': 31, 'n_estimators': 200, 'min_child_samples': 5, 'max_depth': 3, 'learning_rate': 0.05, 'colsample_bytree': 0.6}",co_b_lightgbm.joblib
CO,B,DNN,17409,6271,13,0.7420462523855993,0.8154375065991974,39.64895278626895,27.420110641474967,2.169484457195679,28.832901231926055,0.9059307336460608,Aceptable,0.9099976961819204,"{'lr': 0.0001, 'hidden_dim_2': 32, 'hidden_dim_1': 32, 'epochs': 200, 'dropout': 0.2, 'batch_size': 128}",co_b_dnn.pt
CO,C,RF,17484,6328,8,0.6954711647771492,0.7218378028074851,48.65738368996568,33.86876397099384,4.8605171182671,35.57535691464709,0.85195628060146,Marginal,0.9634729049548436,"{'n_estimators': 200, 'min_samples_split': 2, 'min_samples_leaf': 4, 'max_features': 0.8, 'max_depth': 5}",co_c_rf.joblib
CO,C,LightGBM,17484,6328,8,0.7373640541980072,0.6957888483737076,50.88470536487709,36.33680521924816,6.927055491249223,37.20384076518844,0.8426029455459019,Marginal,1.0597526188030677,"{'subsample': 0.8, 'reg_lambda': 0.1, 'reg_alpha': 0.0, 'num_leaves': 127, 'n_estimators': 200, 'min_child_samples': 50, 'max_depth': 7, 'learning_rate': 0.01, 'colsample_bytree': 1.0}",co_c_lightgbm.joblib
CO,C,DNN,17484,6328,8,0.669780020812814,0.7630453863021901,44.908886156399504,30.757544741257615,8.155185110040046,32.834680627981236,0.8952438296658253,Marginal,0.8777721913222603,"{'lr': 0.0005, 'hidden_dim_2': 16, 'hidden_dim_1': 128, 'epochs': 200, 'dropout': 0.3, 'batch_size': 32}",co_c_dnn.pt
O3,A,RF,17410,6271,12,0.9871105281379272,-0.0314331519947628,20.37283636043087,15.676618822618035,14.11037352342333,145.72361689519798,0.6825656486483694,Inaceptable,,"{'n_estimators': 200, 'min_samples_split': 5, 'min_samples_leaf': 4, 'max_features': 0.8, 'max_depth': 30}",o3_a_rf.joblib
O3,A,LightGBM,17410,6271,12,0.9436103589636604,-1.4666811623083025,31.505578778863992,28.49651531888313,28.15329702229756,225.35433018790303,0.7336537572246775,Inaceptable,,"{'subsample': 0.8, 'reg_lambda': 0.1, 'reg_alpha': 1.0, 'num_leaves': 15, 'n_estimators': 100, 'min_child_samples': 50, 'max_depth': 5, 'learning_rate': 0.1, 'colsample_bytree': 0.8}",o3_a_lightgbm.joblib
O3,A,DNN,17410,6271,12,0.6704258061235211,-1.2897858638577704,30.35487079639266,25.975302817666712,24.696288879054023,217.1235013416268,0.5966644692573561,Inaceptable,,"{'lr': 0.0001, 'hidden_dim_2': 32, 'hidden_dim_1': 32, 'epochs': 200, 'dropout': 0.2, 'batch_size': 128}",o3_a_dnn.pt
O3,B,RF,17410,6271,13,0.9871592872370664,-0.0028917042280973,20.088984013990732,15.205560538781745,13.571986407225692,143.69326678313476,0.6764222041183968,Inaceptable,,"{'n_estimators': 100, 'min_samples_split': 10, 'min_samples_leaf': 2, 'max_features': 0.8, 'max_depth': 20}",o3_b_rf.joblib
O3,B,LightGBM,17410,6271,13,0.9499936844243144,-1.4102696491323743,31.143238360692468,28.18750842140929,27.824080504835045,222.76256754135144,0.7365193244280349,Inaceptable,,"{'subsample': 0.6, 'reg_lambda': 1.0, 'reg_alpha': 1.0, 'num_leaves': 31, 'n_estimators': 100, 'min_child_samples': 50, 'max_depth': 5, 'learning_rate': 0.1, 'colsample_bytree': 1.0}",o3_b_lightgbm.joblib
O3,B,DNN,17410,6271,13,0.6978480906376983,-1.964110471993305,34.53648595658032,31.828749224983675,31.22660964041785,247.0339210213268,0.7067679613994975,Inaceptable,,"{'lr': 0.0005, 'hidden_dim_2': 64, 'hidden_dim_1': 32, 'epochs': 200, 'dropout': 0.3, 'batch_size': 32}",o3_b_dnn.pt
O3,C,RF,17485,6324,8,0.6814178769991772,-1.6844268308493544,32.88111044066374,27.244241143566715,26.037129165576697,234.0240257974329,0.0689880817218194,Inaceptable,,"{'n_estimators': 200, 'min_samples_split': 10, 'min_samples_leaf': 4, 'max_features': 'sqrt', 'max_depth': 5}",o3_c_rf.joblib
O3,C,LightGBM,17485,6324,8,0.6328455293415051,-3.5859721375734583,42.97702967712185,38.261381557464205,37.93818828968655,305.87949637545086,0.1107299002995025,Inaceptable,,"{'subsample': 1.0, 'reg_lambda': 1.0, 'reg_alpha': 0.1, 'num_leaves': 31, 'n_estimators': 200, 'min_child_samples': 20, 'max_depth': 3, 'learning_rate': 0.01, 'colsample_bytree': 0.6}",o3_c_lightgbm.joblib
O3,C,DNN,17485,6324,8,0.5713703698264037,-1.407549573815,31.139261570511703,25.848178914657684,24.036656417765645,221.62680199748567,0.2082172935056032,Inaceptable,,"{'lr': 0.001, 'hidden_dim_2': 16, 'hidden_dim_1': 64, 'epochs': 100, 'dropout': 0.3, 'batch_size': 64}",o3_c_dnn.pt
PM2.5,A,RF,16848,6144,10,0.8695501322713711,0.7623878678485154,3.759783079969977,2.6640790484994894,-0.2415727082043908,38.07500781825537,0.8737172398431141,Marginal,1.140561345401877,"{'n_estimators': 500, 'min_samples_split': 5, 'min_samples_leaf': 2, 'max_features': 0.5, 'max_depth': 10}",pm2.5_a_rf.joblib
PM2.5,A,LightGBM,16848,6144,10,0.759280617056325,0.7350244423882155,3.9703737493401183,2.753061202384219,-0.4813512829521755,40.207641859148985,0.8643774123586773,Marginal,1.0330005007579028,"{'subsample': 0.8, 'reg_lambda': 0.1, 'reg_alpha': 1.0, 'num_leaves': 31, 'n_estimators': 500, 'min_child_samples': 50, 'max_depth': 5, 'learning_rate': 0.01, 'colsample_bytree': 1.0}",pm2.5_a_lightgbm.joblib
PM2.5,A,DNN,16848,6144,10,0.7127617523158372,0.754566327711729,3.821162932585232,2.7581024041282944,-0.5399421623636348,38.69659643613593,0.8734474586214855,Marginal,0.9445978784626304,"{'lr': 0.005, 'hidden_dim_2': 64, 'hidden_dim_1': 64, 'epochs': 200, 'dropout': 0.3, 'batch_size': 128}",pm2.5_a_dnn.pt
PM2.5,B,RF,16848,6144,11,0.7416782252383631,0.7610937948552063,3.770007362710103,2.686558537560613,-0.1586991975016341,38.17854827178321,0.8730002467109015,Marginal,0.9744899120869368,"{'n_estimators': 100, 'min_samples_split': 2, 'min_samples_leaf': 2, 'max_features': 0.8, 'max_depth': 5}",pm2.5_b_rf.joblib
PM2.5,B,LightGBM,16848,6144,11,0.7719247643558729,0.7279602646594463,4.02295018863676,2.750051598758745,-0.7092470991134858,40.7400790489274,0.8640061924864406,Marginal,1.0603940926871798,"{'subsample': 0.8, 'reg_lambda': 0.0, 'reg_alpha': 0.0, 'num_leaves': 15, 'n_estimators': 500, 'min_child_samples': 20, 'max_depth': 10, 'learning_rate': 0.01, 'colsample_bytree': 0.6}",pm2.5_b_lightgbm.joblib
PM2.5,B,DNN,16848,6144,11,0.6956187120918409,0.7563897597313639,3.8069419407061296,2.7259691594711817,-0.7241463109773273,38.55258164446755,0.8822592633161667,Marginal,0.9196564378910864,"{'lr': 0.005, 'hidden_dim_2': 16, 'hidden_dim_1': 32, 'epochs': 100, 'dropout': 0.3, 'batch_size': 128}",pm2.5_b_dnn.pt
PM2.5,C,RF,16848,6144,8,0.7370713322270668,0.7440582229999171,3.9021061000792745,2.7524331056415186,-0.1980249219315285,39.51630110250052,0.8639440161127095,Marginal,0.9906097526283892,"{'n_estimators': 200, 'min_samples_split': 2, 'min_samples_leaf': 4, 'max_features': 0.8, 'max_depth': 5}",pm2.5_c_rf.joblib
PM2.5,C,LightGBM,16848,6144,8,0.7397249369335823,0.7280838511064316,4.022036280601729,2.7828493038483244,-0.4906708865595933,40.73082397893032,0.8584066395234904,Marginal,1.015988660934397,"{'subsample': 0.8, 'reg_lambda': 0.1, 'reg_alpha': 0.0, 'num_leaves': 15, 'n_estimators': 500, 'min_child_samples': 20, 'max_depth': 5, 'learning_rate': 0.01, 'colsample_bytree': 1.0}",pm2.5_c_lightgbm.joblib
PM2.5,C,DNN,16848,6144,8,0.7102526399024769,0.7687409381893722,3.709179605014258,2.682526158324132,-0.4524631010523687,37.56255067283271,0.8787389454768488,Marginal,0.9239167639170438,"{'lr': 0.005, 'hidden_dim_2': 64, 'hidden_dim_1': 64, 'epochs': 200, 'dropout': 0.1, 'batch_size': 32}",pm2.5_c_dnn.pt
NO2,A,XGBoost,18181,5174,12,0.7881039747543612,0.438140671881629,7.917393697047334,6.204008984906728,-4.984070712662038,41.04582467555583,0.8129581107536987,Marginal,1.7987464422551502,"{'subsample': 0.6, 'reg_lambda': 0.0, 'reg_alpha': 0.0, 'n_estimators': 1000, 'min_child_weight': 3, 'max_depth': 3, 'learning_rate': 0.01, 'colsample_bytree': 0.6}",no2_a_xgboost.joblib
NO2,A,LSTM,18181,5174,12,,,,,,,,Inaceptable,,"{'lstm_units': 32, 'lr': 0.001, 'fc_dim': 64, 'epochs': 100, 'dropout': 0.3, 'batch_size': 32}",no2_a_lstm.pt
NO2,B,XGBoost,18100,5174,13,0.7845542923952403,0.4678738392397445,7.705055095845535,6.053510345756477,-4.290188530461872,39.94500623324038,0.7999600797899128,Marginal,1.676850096320997,"{'subsample': 1.0, 'reg_lambda': 1.0, 'reg_alpha': 0.1, 'n_estimators': 200, 'min_child_weight': 3, 'max_depth': 3, 'learning_rate': 0.05, 'colsample_bytree': 0.8}",no2_b_xgboost.joblib
NO2,B,LSTM,18100,5174,13,,,,,,,,Inaceptable,,"{'lstm_units': 32, 'lr': 0.001, 'fc_dim': 64, 'epochs': 100, 'dropout': 0.3, 'batch_size': 32}",no2_b_lstm.pt
NO2,C,XGBoost,18100,5177,8,0.639361997513046,0.4504223575082432,7.830385166309065,5.9674288116552345,-4.0907221320515,40.60689512079225,0.7754263147991071,Marginal,1.419472161750641,"{'subsample': 0.6, 'reg_lambda': 0.0, 'reg_alpha': 0.0, 'n_estimators': 200, 'min_child_weight': 5, 'max_depth': 3, 'learning_rate': 0.05, 'colsample_bytree': 1.0}",no2_c_xgboost.joblib
NO2,C,LSTM,18100,5177,8,,,,,,,,Inaceptable,,"{'lstm_units': 32, 'lr': 0.001, 'fc_dim': 64, 'epochs': 100, 'dropout': 0.3, 'batch_size': 32}",no2_c_lstm.pt
CO,A,XGBoost,17409,6271,12,0.8019561419117854,0.7580322242977069,45.39821349452579,31.422230510512627,-17.651626251934925,33.013790120753676,0.901971164351276,Marginal,1.0579446575042013,"{'subsample': 0.6, 'reg_lambda': 0.0, 'reg_alpha': 0.0, 'n_estimators': 1000, 'min_child_weight': 3, 'max_depth': 3, 'learning_rate': 0.01, 'colsample_bytree': 0.6}",co_a_xgboost.joblib
CO,A,LSTM,17409,6271,12,0.8072760286352831,0.3473835538733794,72.90361115648618,53.72309689138657,-48.932936103197974,51.02193855508032,0.8049829004346121,Inaceptable,2.3238752083512098,"{'lstm_units': 32, 'lr': 0.001, 'fc_dim': 64, 'epochs': 100, 'dropout': 0.3, 'batch_size': 32}",co_a_lstm.pt
CO,B,XGBoost,17409,6271,13,0.8257223399036898,0.7918024765236453,42.111215431422785,27.922383317582263,-2.955576157011679,30.623469977524,0.8951984095096798,Marginal,1.0428387942520303,"{'subsample': 0.6, 'reg_lambda': 0.0, 'reg_alpha': 0.0, 'n_estimators': 1000, 'min_child_weight': 3, 'max_depth': 3, 'learning_rate': 0.01, 'colsample_bytree': 0.6}",co_b_xgboost.joblib
CO,B,LSTM,17409,6271,13,0.8336077881893033,0.45606313856335456,66.55708293452355,50.98567334263262,-43.75331735635729,46.58029063336072,0.8408236670173947,Marginal,1.8278341696617992,"{'lstm_units': 32, 'lr': 0.001, 'fc_dim': 64, 'epochs': 100, 'dropout': 0.3, 'batch_size': 32}",co_b_lstm.pt
CO,C,XGBoost,17484,6328,8,0.7105677339389233,0.7164313168549655,49.127971485298055,33.645682409873295,-2.0125362326085825,35.9194224502151,0.8480369089542845,Marginal,0.9918155686691884,"{'subsample': 0.8, 'reg_lambda': 0.1, 'reg_alpha': 0.1, 'n_estimators': 500, 'min_child_weight': 10, 'max_depth': 3, 'learning_rate': 0.01, 'colsample_bytree': 0.6}",co_c_xgboost.joblib
CO,C,LSTM,17484,6328,8,0.8056406281721236,0.730090274119011,46.46689164070009,31.30928154543216,-10.268404762076019,34.04485136065228,0.8683534086178402,Marginal,1.1034808389199242,"{'lstm_units': 32, 'lr': 0.001, 'fc_dim': 64, 'epochs': 100, 'dropout': 0.3, 'batch_size': 32}",co_c_lstm.pt
O3,A,XGBoost,17410,6271,12,0.9511398739040552,-0.3014090459258705,22.884312214349464,18.71689553088308,17.482101691527447,163.68779913782373,0.678139139789511,Inaceptable,,"{'subsample': 0.6, 'reg_lambda': 1.0, 'reg_alpha': 0.1, 'n_estimators': 500, 'min_child_weight': 5, 'max_depth': 5, 'learning_rate': 0.01, 'colsample_bytree': 1.0}",o3_a_xgboost.joblib
O3,A,LSTM,17410,6271,12,0.9089373530436866,0.2328994161884511,16.698424197520257,12.144139989940099,7.850391159687061,120.2958126272939,0.6429935833432227,Inaceptable,3.902703441335455,"{'lstm_units': 32, 'lr': 0.001, 'fc_dim': 64, 'epochs': 100, 'dropout': 0.3, 'batch_size': 32}",o3_a_lstm.pt
O3,B,XGBoost,17410,6271,13,0.9338516557361328,-0.4839382075869578,24.43649209171644,20.143895699633266,19.083334854441823,174.7902917804867,0.6625288109454835,Inaceptable,,"{'subsample': 0.6, 'reg_lambda': 0.0, 'reg_alpha': 0.0, 'n_estimators': 200, 'min_child_weight': 5, 'max_depth': 3, 'learning_rate': 0.05, 'colsample_bytree': 1.0}",o3_b_xgboost.joblib
O3,B,LSTM,17410,6271,13,0.9262356542846306,0.23454112689668682,16.680546056359404,12.44429449868555,9.551265251308742,120.1670181078967,0.7062781374687939,Inaceptable,3.949139609500677,"{'lstm_units': 32, 'lr': 0.001, 'fc_dim': 64, 'epochs': 100, 'dropout': 0.3, 'batch_size': 32}",o3_b_lstm.pt
O3,C,XGBoost,17485,6324,8,0.6447290878314377,-1.9717626640485104,34.59614840668036,29.079618473467875,28.15263860311976,246.23042892140688,0.0645280882642651,Inaceptable,,"{'subsample': 1.0, 'reg_lambda': 1.0, 'reg_alpha': 1.0, 'n_estimators': 200, 'min_child_weight': 3, 'max_depth': 3, 'learning_rate': 0.01, 'colsample_bytree': 0.6}",o3_c_xgboost.joblib
O3,C,LSTM,17485,6324,8,0.46647209585270477,-1.8626812032027131,32.89791009765461,26.774917862823756,25.026205911959043,226.23754919093204,-0.06568455643764227,Inaceptable,,"{'lstm_units': 32, 'lr': 0.001, 'fc_dim': 64, 'epochs': 100, 'dropout': 0.3, 'batch_size': 32}",o3_c_lstm.pt
PM2.5,A,XGBoost,16848,6144,10,0.7340833017551813,0.7374976846437495,3.9518008710051262,2.707716882772123,-0.5293620014563203,40.0195558784498,0.8635149777048148,Marginal,0.9953703137519442,"{'subsample': 0.8, 'reg_lambda': 0.1, 'reg_alpha': 0.1, 'n_estimators': 500, 'min_child_weight': 10, 'max_depth': 3, 'learning_rate': 0.01, 'colsample_bytree': 0.6}",pm2.5_a_xgboost.joblib
PM2.5,A,LSTM,16848,6144,10,0.7629491089776026,0.7275910692592438,4.070910557788955,2.794948726555722,-1.201076786144305,41.40057708068488,0.8869903588932803,Marginal,1.0485960331458668,"{'lstm_units': 32, 'lr': 0.001, 'fc_dim': 64, 'epochs': 100, 'dropout': 0.3, 'batch_size': 32}",pm2.5_a_lstm.pt
PM2.5,B,XGBoost,16848,6144,11,0.7340505401330797,0.7399287183288143,3.933459495369685,2.7048796555221393,-0.5010665279308645,39.83381430616671,0.864620774454481,Marginal,0.9920557507093236,"{'subsample': 0.8, 'reg_lambda': 0.1, 'reg_alpha': 0.1, 'n_estimators': 500, 'min_child_weight': 10, 'max_depth': 3, 'learning_rate': 0.01, 'colsample_bytree': 0.6}",pm2.5_b_xgboost.joblib
PM2.5,B,LSTM,16848,6144,11,0.7916579497682459,0.737137739572526,3.9989411130099604,2.8459346514605617,-0.4022677290374361,40.66865813927607,0.8756428450593722,Marginal,1.073962038936355,"{'lstm_units': 32, 'lr': 0.001, 'fc_dim': 64, 'epochs': 100, 'dropout': 0.3, 'batch_size': 32}",pm2.5_b_lstm.pt
PM2.5,C,XGBoost,16848,6144,8,0.7502150986316016,0.7266744848509488,4.032446100121118,2.7554964684532024,-0.5835536267259158,40.83624334785586,0.8656026106381051,Marginal,1.0323949915284028,"{'subsample': 0.6, 'reg_lambda': 0.1, 'reg_alpha': 0.0, 'n_estimators': 200, 'min_child_weight': 5, 'max_depth': 5, 'learning_rate': 0.01, 'colsample_bytree': 1.0}",pm2.5_c_xgboost.joblib
PM2.5,C,LSTM,16848,6144,8,0.7738693099673086,0.727214876229475,4.073720524059113,2.808376659107747,-1.2865001053712461,41.42915403503217,0.8815338412758961,Marginal,1.0641549496068226,"{'lstm_units': 32, 'lr': 0.001, 'fc_dim': 64, 'epochs': 100, 'dropout': 0.3, 'batch_size': 32}",pm2.5_c_lstm.pt
